road,year,month,day,interval,0,1,2,3,4,5,6,7,8,9,10,11,12,13,14,15,16,17,18,19,20,21,22,23
희망대로,2023,4,1,대잠사거리 > 한전사거리,69,68,35,34,72,334,743,945,1422,1028,997,951,862,898,924,884,980,1054,1029,611,424,405,298,156
희망대로,2023,4,1,한전사거리 > 대잠사거리,87,52,41,36,59,118,383,396,714,815,890,945,871,1001,918,976,1059,1339,1168,641,396,366,220,129
희망대로,2023,4,1,섬안사거리 > 한전사거리,52,40,33,21,37,85,347,264,482,618,708,810,768,860,800,824,907,1122,1005,503,283,253,165,83
희망대로,2023,4,1,한전사거리 > 섬안사거리,76,57,43,32,79,429,1156,1150,1218,889,783,747,741,930,895,794,867,911,848,538,373,386,275,121
희망대로,2023,4,1,시외버스터미널 > 한전사거리,133,78,58,56,70,237,739,785,683,619,632,673,645,768,702,669,661,668,693,557,447,417,296,169
희망대로,2023,4,1,한전사거리 > 시외버스터미널,96,84,55,34,53,114,313,457,966,905,858,839,761,782,835,791,876,939,866,583,450,377,278,176
희망대로,2023,4,2,대잠사거리 > 한전사거리,69,57,41,47,72,475,1358,1301,1374,1026,884,956,890,860,795,849,890,1054,1166,584,488,440,353,163
희망대로,2023,4,2,한전사거리 > 대잠사거리,90,67,42,51,68,113,441,710,914,819,864,950,969,951,1061,1088,1223,1636,1520,859,462,478,360,141
희망대로,2023,4,2,섬안사거리 > 한전사거리,54,36,36,29,46,80,412,651,742,681,757,823,860,862,976,1007,1096,1434,1349,657,316,343,271,76
희망대로,2023,4,2,한전사거리 > 섬안사거리,82,57,45,48,89,581,1947,1771,1368,1036,829,816,843,867,790,815,757,917,1061,552,430,425,327,144
희망대로,2023,4,2,시외버스터미널 > 한전사거리,133,100,68,72,70,240,1043,1067,803,789,709,719,772,814,759,753,765,748,777,591,474,431,350,168
희망대로,2023,4,2,한전사거리 > 시외버스터미널,111,66,66,51,44,130,562,524,925,800,712,767,752,776,786,776,924,969,904,558,425,381,291,176
희망대로,2023,4,3,대잠사거리 > 한전사거리,106,56,39,31,76,301,1085,1080,1240,899,788,775,747,829,745,718,752,877,899,432,364,305,226,0
희망대로,2023,4,3,한전사거리 > 대잠사거리,51,33,26,16,20,43,215,573,692,725,740,826,810,729,649,909,1021,1338,835,295,290,267,198,0
희망대로,2023,4,3,섬안사거리 > 한전사거리,19,23,13,3,19,24,159,524,499,611,615,642,616,578,438,716,821,1092,631,232,187,178,157,0
희망대로,2023,4,3,한전사거리 > 섬안사거리,80,59,34,30,74,311,1388,1473,1228,952,774,664,692,861,713,664,672,762,707,309,317,314,227,0
희망대로,2023,4,3,시외버스터미널 > 한전사거리,105,65,57,26,6,79,587,774,725,680,648,670,654,723,668,637,683,636,441,196,291,330,252,0
희망대로,2023,4,3,한전사거리 > 시외버스터미널,109,84,61,38,44,66,414,383,819,752,670,705,623,667,678,698,744,798,748,415,369,294,212,0
희망대로,2023,4,4,대잠사거리 > 한전사거리,74,53,47,41,78,444,1339,1174,1311,1003,900,883,787,895,874,881,921,1126,1086,655,449,406,307,163
희망대로,2023,4,4,한전사거리 > 대잠사거리,88,70,62,45,58,97,428,766,933,879,975,992,977,1010,1054,977,1294,1573,1494,802,530,424,256,188
희망대로,2023,4,4,섬안사거리 > 한전사거리,59,47,34,25,38,68,366,712,772,761,824,898,931,926,926,960,1178,1424,1300,680,423,340,175,153
희망대로,2023,4,4,한전사거리 > 섬안사거리,87,51,48,47,95,545,1935,1716,1340,1060,862,779,808,892,835,801,773,934,909,595,402,393,282,158
희망대로,2023,4,4,시외버스터미널 > 한전사거리,93,89,77,74,68,231,975,1070,878,797,789,698,771,791,769,676,756,715,743,529,478,425,341,212
희망대로,2023,4,4,한전사거리 > 시외버스터미널,72,94,59,48,48,131,466,461,900,799,720,786,713,790,823,824,938,1001,945,603,486,425,322,184
희망대로,2023,4,5,대잠사거리 > 한전사거리,118,57,55,38,123,428,1329,1193,1365,997,916,907,828,913,894,856,924,1109,1086,667,504,443,362,219
희망대로,2023,4,5,한전사거리 > 대잠사거리,106,79,58,41,72,122,459,755,879,911,952,1025,1021,961,957,1110,1180,1466,1390,797,453,415,305,179
희망대로,2023,4,5,섬안사거리 > 한전사거리,81,55,46,27,49,85,414,712,729,759,775,944,969,871,853,956,1140,1351,1259,665,342,310,210,130
희망대로,2023,4,5,한전사거리 > 섬안사거리,97,52,55,43,142,510,1911,1611,1321,956,881,765,762,850,782,800,833,841,847,589,511,421,324,201
희망대로,2023,4,5,시외버스터미널 > 한전사거리,152,103,92,62,94,237,1017,1020,836,781,785,692,743,701,653,707,680,610,644,591,588,505,414,254
희망대로,2023,4,5,한전사거리 > 시외버스터미널,151,119,77,40,71,143,470,516,973,863,729,821,746,797,858,845,944,1036,1030,662,514,516,373,250
희망대로,2023,4,6,대잠사거리 > 한전사거리,124,76,50,44,107,263,602,628,683,791,848,973,942,854,886,883,851,949,819,608,494,391,319,0
희망대로,2023,4,6,한전사거리 > 대잠사거리,134,102,65,54,65,118,458,651,584,836,920,1044,1122,983,1015,1171,1088,1077,898,659,389,315,256,0
희망대로,2023,4,6,섬안사거리 > 한전사거리,84,60,52,36,43,93,415,607,493,677,754,864,935,867,816,1056,878,986,734,534,270,223,167,0
희망대로,2023,4,6,한전사거리 > 섬안사거리,114,72,54,47,111,349,923,775,746,811,813,805,825,803,779,764,754,832,712,479,426,372,275,0
희망대로,2023,4,6,시외버스터미널 > 한전사거리,187,157,120,85,83,213,676,592,650,775,772,777,879,785,799,733,806,660,679,524,462,416,335,0
희망대로,2023,4,6,한전사거리 > 시외버스터미널,172,137,93,56,78,120,278,342,602,774,752,904,808,753,807,783,861,908,788,606,481,406,305,0
희망대로,2023,4,7,대잠사거리 > 한전사거리,104,89,47,45,60,214,376,381,428,547,612,600,622,701,769,758,687,872,749,545,528,394,261,163
희망대로,2023,4,7,한전사거리 > 대잠사거리,113,83,67,45,49,93,279,384,417,542,672,778,861,897,930,1018,866,895,829,618,349,317,230,130
희망대로,2023,4,7,섬안사거리 > 한전사거리,67,56,44,39,34,74,242,286,286,363,489,617,718,746,752,867,704,764,681,490,295,232,168,100
희망대로,2023,4,7,한전사거리 > 섬안사거리,88,93,51,55,68,290,564,464,405,467,531,521,551,620,706,689,604,749,682,531,439,361,250,161
희망대로,2023,4,7,시외버스터미널 > 한전사거리,149,164,116,91,78,171,353,375,376,478,560,581,625,724,735,724,652,630,668,546,442,375,308,160
희망대로,2023,4,7,한전사거리 > 시외버스터미널,152,146,110,86,53,84,196,202,336,433,532,525,625,627,714,767,655,765,715,584,484,392,267,182
희망대로,2023,4,8,대잠사거리 > 한전사거리,86,66,34,48,67,514,1362,1304,1411,984,951,958,826,850,875,903,856,1034,962,506,436,369,263,0
희망대로,2023,4,8,한전사거리 > 대잠사거리,83,44,45,33,62,127,421,757,884,800,935,978,859,976,954,1120,1170,1603,1470,676,401,326,241,0
희망대로,2023,4,8,섬안사거리 > 한전사거리,60,29,27,25,42,98,383,720,692,650,731,824,759,858,800,982,1058,1449,1278,581,295,230,163,0
희망대로,2023,4,8,한전사거리 > 섬안사거리,76,57,38,50,85,585,2044,1768,1385,962,872,851,866,957,861,814,776,885,809,471,393,363,278,0
희망대로,2023,4,8,시외버스터미널 > 한전사거리,107,82,50,59,79,234,1056,1104,835,771,783,766,792,864,805,793,775,709,709,499,457,399,293,0
희망대로,2023,4,8,한전사거리 > 시외버스터미널,110,85,49,51,51,165,532,544,1003,853,810,800,725,786,829,901,932,969,800,514,413,375,248,0
희망대로,2023,4,9,대잠사거리 > 한전사거리,83,50,41,52,64,452,1346,1282,1400,1036,936,894,872,966,907,900,850,1037,1037,621,494,386,281,185
희망대로,2023,4,9,한전사거리 > 대잠사거리,85,68,59,55,69,131,430,603,846,877,920,1006,1011,992,1056,1161,1177,1504,1499,809,471,441,292,185
희망대로,2023,4,9,섬안사거리 > 한전사거리,58,50,39,41,51,104,386,512,661,727,791,878,973,926,957,1087,1131,1336,1311,714,375,326,204,135
희망대로,2023,4,9,한전사거리 > 섬안사거리,83,52,48,67,69,555,1946,1636,1314,962,809,790,874,980,917,882,807,886,908,519,458,360,281,173
희망대로,2023,4,9,시외버스터미널 > 한전사거리,144,105,83,74,59,247,1037,990,768,721,676,745,777,826,794,779,752,666,743,532,530,459,367,220
희망대로,2023,4,9,한전사거리 > 시외버스터미널,107,74,61,51,56,126,526,540,940,858,784,772,765,790,798,831,892,964,896,632,479,419,333,213
희망대로,2023,4,10,대잠사거리 > 한전사거리,105,86,48,43,113,277,517,575,584,626,741,882,779,754,770,740,828,748,761,474,405,327,230,0
희망대로,2023,4,10,한전사거리 > 대잠사거리,128,93,66,50,79,128,361,497,499,655,726,755,840,841,856,1060,900,999,785,633,328,307,222,0
희망대로,2023,4,10,섬안사거리 > 한전사거리,94,65,42,41,47,97,327,462,384,488,618,681,748,747,728,967,796,873,673,534,236,208,164,0
희망대로,2023,4,10,한전사거리 > 섬안사거리,105,72,52,58,124,356,799,679,577,552,624,698,673,760,756,659,786,694,683,440,364,299,236,0
희망대로,2023,4,10,시외버스터미널 > 한전사거리,174,162,115,98,85,226,557,511,475,556,640,681,706,777,708,719,726,628,597,455,450,374,320,0
희망대로,2023,4,10,한전사거리 > 시외버스터미널,152,130,104,70,79,127,246,331,466,583,679,792,750,680,745,792,769,730,653,545,431,357,266,0
희망대로,2023,4,11,대잠사거리 > 한전사거리,82,64,29,45,78,443,1285,1282,1452,1083,813,833,902,897,863,873,873,1051,967,594,544,382,300,0
희망대로,2023,4,11,한전사거리 > 대잠사거리,85,70,51,110,73,134,430,749,899,808,869,996,999,967,962,1055,1139,1646,1474,775,434,346,238,0
희망대로,2023,4,11,섬안사거리 > 한전사거리,65,58,43,101,59,100,406,717,751,684,751,919,890,886,840,961,1049,1441,1304,645,361,226,172,0
희망대로,2023,4,11,한전사거리 > 섬안사거리,92,70,48,53,82,497,1817,1702,1480,1212,845,790,930,987,838,828,788,874,804,507,422,368,274,0
희망대로,2023,4,11,시외버스터미널 > 한전사거리,143,117,77,71,58,230,912,997,859,878,773,726,829,836,789,765,750,707,694,536,440,430,317,0
희망대로,2023,4,11,한전사거리 > 시외버스터미널,111,97,58,53,69,149,461,524,953,788,678,739,740,800,826,859,889,943,829,576,509,364,290,0
희망대로,2023,4,12,대잠사거리 > 한전사거리,105,72,44,55,79,401,1141,1209,1543,1075,984,958,879,949,899,893,1046,1028,1060,696,549,422,321,0
희망대로,2023,4,12,한전사거리 > 대잠사거리,91,76,62,52,58,146,409,455,713,761,805,1014,1065,996,1028,1120,1176,1454,1254,711,445,409,283,0
희망대로,2023,4,12,섬안사거리 > 한전사거리,73,52,40,28,37,114,350,359,516,591,683,870,975,912,938,1051,1078,1264,1163,563,302,294,192,0
희망대로,2023,4,12,한전사거리 > 섬안사거리,97,79,48,43,94,503,1705,1549,1465,960,842,806,809,959,899,877,868,892,880,586,482,333,279,0
희망대로,2023,4,12,시외버스터미널 > 한전사거리,164,120,88,58,82,277,959,995,814,720,687,703,771,828,781,743,818,725,647,614,539,463,333,0
희망대로,2023,4,12,한전사거리 > 시외버스터미널,150,95,67,60,49,143,371,543,958,842,817,825,835,821,870,861,1083,979,930,657,535,455,347,0
희망대로,2023,4,13,대잠사거리 > 한전사거리,109,88,44,47,58,280,671,675,844,893,972,990,1079,921,762,720,720,853,750,481,414,366,278,0
희망대로,2023,4,13,한전사거리 > 대잠사거리,108,96,76,56,57,137,410,389,500,726,847,1041,1061,999,937,968,942,1010,840,672,328,319,213,0
희망대로,2023,4,13,섬안사거리 > 한전사거리,61,61,52,27,39,105,343,281,338,569,645,840,932,857,783,895,820,823,712,520,239,238,157,0
희망대로,2023,4,13,한전사거리 > 섬안사거리,104,86,43,53,72,366,1000,802,750,833,810,822,941,815,681,666,653,816,678,425,353,328,233,0
희망대로,2023,4,13,시외버스터미널 > 한전사거리,172,155,115,107,103,222,683,601,548,641,691,744,751,701,673,603,619,671,597,557,447,456,321,0
희망대로,2023,4,13,한전사거리 > 시외버스터미널,149,131,84,63,68,133,269,327,603,739,822,822,910,780,716,749,738,801,747,513,480,371,333,0
희망대로,2023,4,14,대잠사거리 > 한전사거리,115,66,39,31,47,245,433,382,446,479,708,766,739,688,697,637,659,785,714,522,463,361,227,0
희망대로,2023,4,14,한전사거리 > 대잠사거리,116,92,66,57,67,112,310,251,374,508,597,715,816,832,861,889,899,944,763,574,387,299,187,0
희망대로,2023,4,14,섬안사거리 > 한전사거리,67,44,50,35,41,92,247,160,235,342,441,581,652,716,749,804,720,815,688,471,273,217,144,0
희망대로,2023,4,14,한전사거리 > 섬안사거리,109,80,42,34,58,323,601,440,447,427,600,620,632,650,641,540,570,716,650,472,411,352,218,0
희망대로,2023,4,14,시외버스터미널 > 한전사거리,187,181,115,89,96,192,375,366,388,420,511,493,615,650,688,615,641,687,648,504,439,405,294,0
희망대로,2023,4,14,한전사거리 > 시외버스터미널,169,122,103,70,60,94,199,186,284,401,529,614,624,588,652,656,642,775,683,548,422,340,219,0
희망대로,2023,4,15,대잠사거리 > 한전사거리,56,55,55,40,81,483,1377,1188,1321,974,885,889,877,871,812,752,771,919,802,140,344,293,222,0
희망대로,2023,4,15,한전사거리 > 대잠사거리,69,31,39,37,60,130,394,699,854,821,935,1008,964,914,794,917,940,1442,1198,348,301,305,204,0
희망대로,2023,4,15,섬안사거리 > 한전사거리,44,32,26,28,41,87,365,661,708,679,810,927,903,782,666,775,792,1247,1025,252,198,211,136,0
희망대로,2023,4,15,한전사거리 > 섬안사거리,64,44,45,52,90,593,1925,1706,1297,990,902,877,907,919,777,726,731,811,732,123,227,252,207,0
희망대로,2023,4,15,시외버스터미널 > 한전사거리,106,69,56,63,70,273,1003,1062,827,781,805,786,853,807,706,702,717,707,696,385,326,318,250,0
희망대로,2023,4,15,한전사거리 > 시외버스터미널,86,73,55,41,58,135,554,465,916,785,775,861,781,783,768,765,791,855,756,197,321,304,238,0
희망대로,2023,4,16,대잠사거리 > 한전사거리,76,60,44,41,77,486,1358,1348,1398,1037,932,843,861,923,806,828,910,990,1055,584,456,397,280,0
희망대로,2023,4,16,한전사거리 > 대잠사거리,80,55,37,46,56,121,390,629,819,842,854,936,912,1006,862,917,1150,1442,1421,784,442,412,267,0
희망대로,2023,4,16,섬안사거리 > 한전사거리,64,39,31,33,41,99,354,538,625,677,712,838,835,932,752,792,1001,1204,1268,676,323,321,200,0
희망대로,2023,4,16,한전사거리 > 섬안사거리,54,47,33,40,81,578,1913,1685,1327,989,789,707,817,929,728,799,782,871,944,496,394,371,269,0
희망대로,2023,4,16,시외버스터미널 > 한전사거리,85,86,56,44,51,238,999,1006,826,712,661,678,718,725,661,671,685,695,708,517,470,432,324,0
희망대로,2023,4,16,한전사거리 > 시외버스터미널,95,76,61,53,59,162,548,588,963,886,764,794,710,736,814,815,881,937,916,570,449,440,275,0
희망대로,2023,4,17,대잠사거리 > 한전사거리,98,57,50,48,82,510,1403,1290,1465,1075,865,915,844,885,879,815,896,1031,1046,538,485,381,294,0
희망대로,2023,4,17,한전사거리 > 대잠사거리,76,73,48,45,56,147,453,663,762,793,853,979,974,964,944,1214,1203,1577,1505,752,421,388,239,0
희망대로,2023,4,17,섬안사거리 > 한전사거리,54,59,29,37,44,109,426,601,543,622,717,895,903,864,854,1110,1128,1388,1340,625,281,252,169,0
희망대로,2023,4,17,한전사거리 > 섬안사거리,73,53,51,50,78,625,2016,1718,1430,1037,741,780,849,911,858,761,831,874,904,504,385,344,266,0
희망대로,2023,4,17,시외버스터미널 > 한전사거리,121,103,81,63,67,289,1074,1056,871,729,658,699,716,815,743,782,748,680,752,547,475,426,309,0
희망대로,2023,4,17,한전사거리 > 시외버스터미널,128,103,80,52,76,158,567,594,970,849,757,817,738,785,793,834,905,973,866,542,484,380,325,0
희망대로,2023,4,18,대잠사거리 > 한전사거리,96,77,58,47,83,471,1392,1326,1431,1091,889,871,817,865,768,811,845,1000,1016,500,460,386,304,0
희망대로,2023,4,18,한전사거리 > 대잠사거리,96,63,60,40,62,129,447,593,774,762,847,903,917,918,841,920,1161,1526,1528,754,401,371,264,0
희망대로,2023,4,18,섬안사거리 > 한전사거리,50,38,32,29,38,101,384,538,582,582,731,827,812,844,762,803,1028,1277,1335,594,271,254,180,0
희망대로,2023,4,18,한전사거리 > 섬안사거리,80,58,55,52,100,590,2009,1693,1383,1060,783,710,796,930,724,779,748,850,917,465,396,362,281,0
희망대로,2023,4,18,시외버스터미널 > 한전사거리,114,96,79,70,90,285,1087,989,786,711,638,605,748,841,630,698,724,716,753,579,475,515,329,0
희망대로,2023,4,18,한전사거리 > 시외버스터미널,123,98,69,44,59,152,558,580,973,796,725,776,743,759,720,751,817,928,881,535,425,404,304,0
희망대로,2023,4,19,대잠사거리 > 한전사거리,120,85,48,39,87,463,1314,1200,1432,1064,1006,957,866,962,932,909,900,1109,1068,652,549,432,288,0
희망대로,2023,4,19,한전사거리 > 대잠사거리,89,75,57,46,48,152,438,479,695,814,843,968,1057,1020,1043,1057,1202,1556,1405,741,418,394,306,0
희망대로,2023,4,19,섬안사거리 > 한전사거리,60,49,34,32,39,121,368,361,478,593,688,830,940,928,941,906,1104,1364,1317,607,271,269,219,0
희망대로,2023,4,19,한전사거리 > 섬안사거리,101,63,50,49,83,588,1889,1612,1380,975,847,753,789,963,880,852,827,951,868,531,453,384,267,0
희망대로,2023,4,19,시외버스터미널 > 한전사거리,143,109,91,76,75,276,1034,964,821,723,657,722,769,817,713,726,763,739,716,601,548,523,368,0
희망대로,2023,4,19,한전사거리 > 시외버스터미널,133,130,70,48,69,143,500,475,946,853,827,831,814,849,875,844,956,1014,966,664,508,429,325,0
희망대로,2023,4,20,대잠사거리 > 한전사거리,111,76,58,48,79,246,624,635,749,791,917,963,991,919,853,940,739,781,624,384,354,317,199,0
희망대로,2023,4,20,한전사거리 > 대잠사거리,105,86,64,63,60,133,446,601,638,824,899,1002,1087,1031,1061,1145,827,920,489,276,240,193,165,0
희망대로,2023,4,20,섬안사거리 > 한전사거리,62,59,45,39,48,92,362,562,527,674,716,821,962,860,982,1043,715,816,247,155,110,94,96,0
희망대로,2023,4,20,한전사거리 > 섬안사거리,115,70,54,46,74,318,990,774,761,815,895,975,1014,904,824,926,657,741,584,293,316,270,164,0
희망대로,2023,4,20,시외버스터미널 > 한전사거리,179,155,111,92,91,233,717,581,642,765,814,830,863,833,788,810,632,641,611,417,394,369,228,0
희망대로,2023,4,20,한전사거리 > 시외버스터미널,164,138,108,77,73,128,301,367,600,702,731,825,856,770,805,804,743,753,555,354,410,350,245,0
희망대로,2023,4,21,대잠사거리 > 한전사거리,16,17,8,14,2,81,292,362,406,490,716,762,732,758,733,699,646,859,671,496,501,410,258,0
희망대로,2023,4,21,한전사거리 > 대잠사거리,73,49,40,30,18,51,166,376,437,464,524,646,745,597,720,878,705,676,590,447,328,261,155,0
희망대로,2023,4,21,섬안사거리 > 한전사거리,24,13,7,12,5,18,129,347,334,339,356,465,566,408,585,695,561,571,470,310,195,183,102,0
희망대로,2023,4,21,한전사거리 > 섬안사거리,43,35,22,24,15,150,402,380,362,415,583,606,549,551,577,538,470,621,540,401,373,314,194,0
희망대로,2023,4,21,시외버스터미널 > 한전사거리,152,101,93,76,53,125,250,275,332,419,541,574,585,601,618,680,595,593,601,527,425,387,226,0
희망대로,2023,4,21,한전사거리 > 시외버스터미널,128,91,75,49,36,63,165,238,330,438,615,643,648,641,688,743,705,813,648,524,466,421,281,0
희망대로,2023,4,22,대잠사거리 > 한전사거리,73,26,2,24,60,464,1556,1464,1650,1139,1081,1074,1058,1044,1026,1024,1040,1269,1131,680,536,434,311,0
희망대로,2023,4,22,한전사거리 > 대잠사거리,52,23,13,20,36,89,335,721,881,851,860,984,895,977,1012,1155,1114,1539,1479,813,405,357,255,0
희망대로,2023,4,22,섬안사거리 > 한전사거리,45,23,9,16,31,72,322,664,765,731,722,888,819,911,915,1052,1005,1388,1335,649,323,265,210,0
희망대로,2023,4,22,한전사거리 > 섬안사거리,47,15,3,25,68,497,1906,1658,1404,1057,892,849,959,1043,880,821,785,904,848,457,351,379,242,0
희망대로,2023,4,22,시외버스터미널 > 한전사거리,39,12,0,2,63,195,945,970,796,804,779,791,847,899,819,734,743,706,729,548,463,415,328,0
희망대로,2023,4,22,한전사거리 > 시외버스터미널,113,59,35,32,46,172,710,687,1205,981,939,1005,890,935,975,1063,1092,1224,1042,688,571,450,333,0
희망대로,2023,4,23,대잠사거리 > 한전사거리,97,60,53,37,92,561,1590,1404,1556,1127,997,1015,991,1052,1019,1021,1017,1277,1160,597,436,312,235,0
희망대로,2023,4,23,한전사거리 > 대잠사거리,103,87,55,40,72,149,423,790,885,860,810,965,905,989,954,1057,1248,1638,1442,744,386,194,126,0
희망대로,2023,4,23,섬안사거리 > 한전사거리,73,64,32,34,55,115,398,754,716,643,681,838,886,911,856,928,1131,1393,1309,641,342,90,50,0
희망대로,2023,4,23,한전사거리 > 섬안사거리,83,61,43,50,91,596,1998,1627,1323,1017,801,765,784,912,871,802,776,906,882,458,320,257,180,0
희망대로,2023,4,23,시외버스터미널 > 한전사거리,152,107,81,61,94,287,1077,1028,811,793,725,768,747,802,781,769,765,763,683,490,276,276,188,0
희망대로,2023,4,23,한전사거리 > 시외버스터미널,128,98,63,44,83,233,728,707,1160,903,876,964,911,945,981,978,1064,1188,1015,582,493,343,263,0
희망대로,2023,4,24,대잠사거리 > 한전사거리,64,60,46,47,77,573,1512,1348,1535,1222,918,960,989,950,1014,1050,1024,1199,1290,679,564,505,299,0
희망대로,2023,4,24,한전사거리 > 대잠사거리,59,57,57,53,61,139,399,780,837,862,779,943,919,944,915,984,1149,1474,1357,817,447,372,269,0
희망대로,2023,4,24,섬안사거리 > 한전사거리,58,42,44,40,52,122,355,747,698,704,689,811,823,910,790,871,1045,1279,1268,734,337,295,191,0
희망대로,2023,4,24,한전사거리 > 섬안사거리,55,57,37,50,83,611,1897,1605,1327,1054,803,757,888,873,853,841,801,890,893,475,396,377,252,0
희망대로,2023,4,24,시외버스터미널 > 한전사거리,36,105,65,68,58,256,1032,1010,812,783,712,714,754,739,700,703,773,718,683,517,491,449,342,0
희망대로,2023,4,24,한전사거리 > 시외버스터미널,101,91,59,54,69,216,692,692,1169,1025,767,844,792,923,933,933,1059,1169,1148,724,578,534,340,0
희망대로,2023,4,25,대잠사거리 > 한전사거리,106,82,62,62,90,639,1509,1422,1643,1163,1001,977,983,1020,1008,975,1060,1217,1298,725,598,442,340,0
희망대로,2023,4,25,한전사거리 > 대잠사거리,97,66,66,42,59,142,367,636,772,789,757,986,920,975,927,1048,1142,1489,1417,831,426,442,277,0
희망대로,2023,4,25,섬안사거리 > 한전사거리,70,44,57,37,46,124,322,558,589,622,666,910,858,885,832,933,1021,1279,1328,735,315,365,200,0
희망대로,2023,4,25,한전사거리 > 섬안사거리,93,57,52,55,88,646,1906,1615,1376,976,771,717,794,879,862,794,792,889,935,513,417,352,296,0
희망대로,2023,4,25,시외버스터미널 > 한전사거리,143,114,92,77,76,253,1031,1002,834,767,665,710,735,811,735,730,754,713,673,518,505,458,371,0
희망대로,2023,4,25,한전사거리 > 시외버스터미널,144,114,85,63,72,249,696,666,1205,952,915,949,886,966,890,970,1045,1133,1141,689,606,469,383,0
희망대로,2023,4,26,대잠사거리 > 한전사거리,114,104,66,54,93,500,1286,1286,1529,1104,1056,1079,972,1011,1082,1125,1143,1293,1281,753,600,495,352,0
희망대로,2023,4,26,한전사거리 > 대잠사거리,118,81,63,50,72,157,442,764,875,836,895,1007,962,953,971,1064,1306,1507,1121,734,406,355,280,0
희망대로,2023,4,26,섬안사거리 > 한전사거리,90,49,55,37,52,123,394,708,726,701,756,894,867,817,848,1015,1176,1338,1131,638,301,282,197,0
희망대로,2023,4,26,한전사거리 > 섬안사거리,87,70,56,43,88,535,1746,1440,1314,1002,820,847,846,965,888,941,881,901,893,560,435,364,296,0
희망대로,2023,4,26,시외버스터미널 > 한전사거리,146,107,82,61,86,295,1033,966,815,791,759,781,843,913,750,782,807,701,650,595,531,487,394,0
희망대로,2023,4,26,한전사거리 > 시외버스터미널,166,131,88,71,84,229,562,674,1139,977,908,940,890,931,1000,1109,1135,1252,1196,773,613,540,412,0
희망대로,2023,4,27,대잠사거리 > 한전사거리,107,85,61,53,78,321,785,801,860,1078,1130,1206,1234,1115,980,924,856,1047,926,646,562,472,344,0
희망대로,2023,4,27,한전사거리 > 대잠사거리,118,91,77,58,71,188,373,290,444,712,821,999,1037,913,917,945,972,1023,887,740,398,339,260,0
희망대로,2023,4,27,섬안사거리 > 한전사거리,91,59,49,36,50,152,273,170,246,478,644,783,875,809,808,802,803,901,771,637,309,292,190,0
희망대로,2023,4,27,한전사거리 > 섬안사거리,96,74,54,47,66,377,1043,790,712,826,833,877,894,829,785,690,688,820,717,432,409,349,258,0
희망대로,2023,4,27,시외버스터미널 > 한전사거리,169,166,118,97,93,234,726,596,590,670,719,749,786,712,712,684,715,717,690,531,476,442,325,0
희망대로,2023,4,27,한전사거리 > 시외버스터미널,192,152,125,85,91,162,381,446,691,884,1017,1009,1095,974,911,918,914,998,914,730,618,507,393,0
희망대로,2023,4,28,대잠사거리 > 한전사거리,141,88,49,55,78,330,1032,1011,451,589,743,850,1000,982,892,711,732,933,791,651,531,444,286,0
희망대로,2023,4,28,한전사거리 > 대잠사거리,135,100,70,64,52,147,320,334,399,772,1001,902,799,773,849,885,1072,1016,764,608,390,250,160,0
희망대로,2023,4,28,섬안사거리 > 한전사거리,92,60,43,34,37,134,267,261,321,666,932,779,736,662,734,770,1000,872,654,489,269,185,120,0
희망대로,2023,4,28,한전사거리 > 섬안사거리,111,74,36,50,66,369,1232,1137,511,565,646,595,807,784,684,535,541,679,607,443,378,319,233,0
희망대로,2023,4,28,시외버스터미널 > 한전사거리,211,166,135,110,77,206,547,491,428,530,597,632,661,724,716,659,640,735,685,544,492,341,280,0
희망대로,2023,4,28,한전사거리 > 시외버스터미널,202,159,123,93,71,157,505,515,450,568,724,785,824,793,837,774,848,892,800,675,540,431,310,0
희망대로,2023,4,29,대잠사거리 > 한전사거리,109,72,49,53,86,559,1593,1461,1603,1108,1040,999,976,1084,1024,1006,959,1199,1147,652,462,398,308,0
희망대로,2023,4,29,한전사거리 > 대잠사거리,83,51,46,33,64,140,398,658,927,891,889,957,911,901,953,1039,1180,1587,1429,733,361,325,259,0
희망대로,2023,4,29,섬안사거리 > 한전사거리,58,39,33,23,48,104,361,630,787,751,732,894,801,837,851,988,1065,1408,1257,605,308,236,180,0
희망대로,2023,4,29,한전사거리 > 섬안사거리,80,50,38,45,82,585,2014,1622,1341,954,866,785,856,927,817,775,740,846,824,461,309,345,228,0
희망대로,2023,4,29,시외버스터미널 > 한전사거리,126,76,78,58,68,270,1076,989,788,792,784,758,834,790,728,739,756,705,728,522,444,417,314,0
희망대로,2023,4,29,한전사거리 > 시외버스터미널,149,93,68,51,72,229,736,732,1177,998,909,1000,889,993,1051,1019,1053,1139,979,660,534,416,328,0
희망대로,2023,4,30,대잠사거리 > 한전사거리,101,77,56,51,94,558,1579,1483,1512,1090,1042,1085,967,1146,1067,1016,1009,1167,1209,712,599,449,331,0
희망대로,2023,4,30,한전사거리 > 대잠사거리,100,69,55,51,62,156,407,758,871,851,851,998,947,1003,1012,1077,1171,1550,1479,805,482,350,241,0
희망대로,2023,4,30,섬안사거리 > 한전사거리,63,41,39,32,49,128,382,722,745,729,689,903,868,902,927,1006,1153,1387,1302,667,367,271,183,0
희망대로,2023,4,30,한전사거리 > 섬안사거리,86,66,45,45,89,604,1966,1700,1296,980,786,788,806,1020,881,832,806,839,897,506,403,330,258,0
희망대로,2023,4,30,시외버스터미널 > 한전사거리,138,108,83,64,68,296,1045,1039,806,739,704,716,762,854,772,794,608,710,725,553,486,400,375,0
희망대로,2023,4,30,한전사거리 > 시외버스터미널,123,91,83,47,74,231,739,762,1128,951,894,990,899,996,1004,1085,1019,1119,1079,730,632,498,381,0
